{
    "Ix1": 0.70337,
    "Ixy1": -0.000139,
    "Ixz1": 0.006772,
    "Iy1": 0.70661,
    "Iyz1": 0.019169,
    "Iz1": 0.009117,
    "Ix2": 0.007962,
    "Ixy2": -0.003925,
    "Ixz2": 0.010254,
    "Iy2": 0.02811,
    "Iyz2": 0.000704,
    "Iz2": 0.025995,
    "Ix3": 0.037242,
    "Ixy3": -0.004761,
    "Ixz3": -0.011396,
    "Iy3": 0.036155,
    "Iyz3": -0.012805,
    "Iz3": 0.01083,
    "Ix4": 0.025853,
    "Ixy4": 0.007796,
    "Ixz4": -0.001332,
    "Iy4": 0.019552,
    "Iyz4": 0.008641,
    "Iz4": 0.028323,
    "Ix5": 0.035549,
    "Ixy5": -0.002117,
    "Ixz5": -0.004037,
    "Iy5": 0.029474,
    "Iyz5": 0.000229,
    "Iz5": 0.008627,
    "Ix6": 0.001964,
    "Ixy6": 0.000109,
    "Ixz6": -0.001158,
    "Iy6": 0.004354,
    "Iyz6": 0.000341,
    "Iz6": 0.005433,
    "Ix7": 0.012516,
    "Ixy7": -0.000428,
    "Ixz7": -0.001196,
    "Iy7": 0.010027,
    "Iyz7": -0.000741,
    "Iz7": 0.004815,
    "T": 15.0,
    "a6": 0.92,
    "d1": 0.206,
    "d2": 0.117,
    "d3": 0.582,
    "d4": 0.095,
    "d5": 0.522,
    "d6": 0.095,
    "d7": 0.097,
    "g": 9.81,
    "m1": 4.970684,
    "m2": 0.646926,
    "m3": 3.228604,
    "m4": 3.587895,
    "m5": 1.225946,
    "m6": 1.666555,
    "m7": 0.735522,
    "q1": -0.7853981634,
    "q1M": 3.0543236111,
    "q1m": -3.0543236111,
    "q2": 2.35619449,
    "q2M": 6.1959136111,
    "q2m": 0.0872663889,
    "q3": 0.0,
    "q3M": 3.0543236111,
    "q3m": -3.0543236111,
    "q4": -1.570796327,
    "q4M": 6.1959136111,
    "q4m": 0.0872663889,
    "q5": 0.0,
    "q5M": 3.0543236111,
    "q5m": -3.0543236111,
    "q6": 2.705260341,
    "q6M": 6.1959188446,
    "q6m": 0.0872663889,
    "q7": 0.0,
    "q7M": 3.0543236111,
    "q7m": -3.0543236111,
    "rA_x": 1.104033431,
    "rA_y": -1.2694964178,
    "rA_z": 0.4719347545,
    "rB_x": 0.5840859421,
    "rB_y": -0.3936121294,
    "rB_z": -0.6638825432,
    "rpyAng0_x": -3.141819817790545e-89,
    "rpyAng0_y": 0.0,
    "rpyAng0_z": 1.5707963267948966,
    "rpyAngf_x": -2.8801,
    "rpyAngf_y": 1.4619,
    "rpyAngf_z": 1.2897,
    "xC1": 1e-05,
    "xC2": 2e-05,
    "xC3": 0.0,
    "xC4": 3e-05,
    "xC5": 0.0,
    "xC6": -0.00058,
    "xC7": 0.0,
    "yC1": -0.0082,
    "yC2": 0.00155,
    "yC3": -0.07639,
    "yC4": 0.00086,
    "yC5": -0.10555,
    "yC6": -0.02728,
    "yC7": -4e-05,
    "zC1": 0.01285,
    "zC2": 0.14199,
    "zC3": 0.00365,
    "zC4": 0.11668,
    "zC5": 0.0015,
    "zC6": 0.00236,
    "zC7": 0.0327
}